x,truedata,truelower,trueupper,diff,max,entropy ,entropy attention
-126,3.61666666666666,3.53808,3.69525,3.708995,3.74458333333333,3.20462833333333,3.67187333333333
-125,3.53871882086167,3.43161,3.64582,3.60621016439909,3.63061472222222,3.15248506235827,3.52036358276643
-124,3.51746031746031,3.41158,3.62334,3.58222445011337,3.60846446712018,3.12430861678004,3.49469555555555
-123,3.51547619047619,3.41012,3.62083,3.57811107142857,3.60488773809523,3.11827321428571,3.49039654761904
-122,3.48659611992945,3.38807,3.58512,3.54309631393298,3.55421770723104,3.0651657760141,3.39935537037037
-121,3.43011463844797,3.30812,3.55211,3.50622788800705,3.51895881834215,3.02892012786596,3.36097700617284
-120,3.4592151675485,3.35049,3.56794,3.4847869356261,3.49937908289241,3.0097549691358,3.33944655643738
-119,3.47844516594516,3.36077,3.59612,3.50844060569985,3.52635202308802,3.00526883585858,3.37367874927849
-118,3.46363636363636,3.3557,3.57157,3.49810436868686,3.52445343434343,3.03098972222222,3.37362818181818
-117,3.44583333333333,3.34222,3.54944,3.46814279431216,3.50086993386243,3.03774044973544,3.34004865079365
-116,3.47673992673992,3.37237,3.58111,3.48893837301587,3.52661917582417,3.02689446886446,3.36637071428571
-115,3.47190309690309,3.3721,3.57171,3.46847558358308,3.50842668747918,3.00729852480852,3.34528629703629
-114,3.4520646020646,3.35238,3.55174,3.45802537129537,3.4994141999667,2.99769633449883,3.33455734182484
-113,3.45991828684136,3.36934,3.5505,3.43140122569738,3.47620889335023,2.9750673816568,3.30546567695125
-112,3.42936507936507,3.33673,3.522,3.41779017094017,3.46382121794871,2.96391988705738,3.29200103479853
-109,3.39380341880341,3.31337,3.47423,3.29801344017094,3.35758679487179,2.87222801282051,3.17312948717948
-108,3.39209401709401,3.31011,3.47408,3.27641694749694,3.3384729090354,2.85680572344322,3.15331485042735
-107,3.34123931623931,3.2652,3.41727,3.22946442612942,3.29828318681318,2.822763501221,3.10579713675213
-106,3.33632478632478,3.25793,3.41472,3.19107379731379,3.26544838217338,2.79812642551892,3.06688091269841
-105,3.25093517593517,3.15033,3.35154,3.15433425935175,3.23160581751581,2.77344513458763,3.03048013125763
-104,3.25393772893772,3.15072,3.35715,3.13251861111111,3.2131213095238,2.75925401404151,3.00841139499389
-103,3.18864468864468,3.09762,3.27967,3.08646807387057,3.17154344322344,2.73148862942612,2.96670693833943
-102,3.20723443223443,3.1205,3.29397,3.06557796092796,3.15311372710622,2.71808055860805,2.94880846459096
-101,3.21245421245421,3.12423,3.30068,3.05018535103785,3.13954282051282,2.71027272893772,2.93339505799755
-100,3.15796703296703,3.07888,3.23705,3.01173657509157,3.10533963369963,2.68542245421245,2.89551209706959
-99,3.13818681318681,3.05704,3.21933,2.98304992673992,3.0795189010989,2.6680069047619,2.86918858058608
-98,3.13177655677655,3.04907,3.21449,2.95992236263736,3.0588171062271,2.65435139194139,2.84914114468864
-97,3.078663003663,2.99196,3.16537,2.91663262820512,3.01960146520146,2.6324990018315,2.80906187728937
-96,3.07005494505494,2.97864,3.16147,2.89918055860805,3.00393939560439,2.62277858974358,2.79194354395604
-95,3.04029304029303,2.94758,3.133,2.8842156043956,2.99032187728937,2.61579382783882,2.77658523809523
-94,3.04084249084249,2.93901,3.14267,2.86720857142857,2.9746670054945,2.6070732051282,2.76035384615384
-93,2.98186813186813,2.88755,3.07619,2.82454951159951,2.93671809523809,2.58655017094017,2.7179879059829
-92,2.9562271062271,2.84345,3.069,2.80481322954822,2.91787565934065,2.57501606837606,2.70012047008547
-91,2.87313797313797,2.75171,2.99456,2.74593008241758,2.86398054334554,2.54806745726495,2.64548525030525
-90,2.79706959706959,2.64411,2.95003,2.70336944139194,2.82504295787545,2.52827628205128,2.60636747252747
-89,2.71452991452991,2.58651,2.84255,2.62140299145299,2.75064474358974,2.49380852564102,2.52641557692307
-88,2.68006993006993,2.56515,2.79499,2.55860899184149,2.69329641025641,2.46787079254079,2.4738636072261
-87,2.60650183150183,2.49596,2.71704,2.50257335164835,2.64328584859584,2.4470483089133,2.42090567460317
-86,2.53278388278388,2.44169,2.62388,2.41022008241758,2.55925707875457,2.40566628205128,2.33579428571428
-85,2.49830169830169,2.39558,2.60102,2.32853826423576,2.48422053779553,2.37420664002663,2.25659647102897
-84,2.5335581085581,2.43839,2.62873,2.30672223859473,2.46285226856476,2.36648035797535,2.23417243256743
-83,2.48952991452991,2.38488,2.59418,2.2687917094017,2.42667089743589,2.35165273504273,2.19885429487179
-82,2.45119047619047,2.3469,2.55548,2.25591167277167,2.41547319291819,2.3459596092796,2.18666002136752
-81,2.3844017094017,2.26556,2.50325,2.21565585470085,2.37741901709401,2.33380901709401,2.147234508547
-80,2.34850427350427,2.22998,2.46703,2.19584865384615,2.36021514957265,2.32557589743589,2.12828914529914
-79,2.34957264957264,2.22768,2.47146,2.16462068376068,2.33390525641025,2.31365534188034,2.10050132478632
-78,2.33956043956043,2.2099,2.46922,2.14252139194139,2.31127873626373,2.30774124542124,2.07943926739926
-77,2.32478632478632,2.19675,2.45283,2.10640395299145,2.27840237179487,2.29546061965811,2.04662316239316
-76,2.34749694749694,2.19894,2.49606,2.08520916666666,2.25732671855921,2.28683853174603,2.02596461538461
-75,2.34110334110334,2.19601,2.4862,2.06977314879564,2.2431362024087,2.2814408022533,2.01172142385392
-74,2.36418026418026,2.22242,2.50595,2.05978195998446,2.2337058061383,2.27934632672882,2.0011438014763
-73,2.28811188811188,2.16579,2.41043,2.02605981102231,2.20032483849483,2.26604594821844,1.96894466533466
-72,2.208991008991,2.09806,2.31993,1.99853777805527,2.17188679514929,2.25271857947607,1.94417667998668
-71,2.19003496503496,2.07741,2.30266,1.97122178599178,2.14085877927627,2.24349937007437,1.91865696692196
-70,2.17735042735042,2.0669,2.2878,1.95586105006105,2.12546391663891,2.23805817793317,1.90586573426573
-69,2.1813048063048,2.06863,2.29398,1.93855921578421,2.10808644105894,2.23152339327339,1.88781292235542
-68,2.17124542124542,2.05313,2.28936,1.91510655677655,2.0835484065934,2.22395546398046,1.86739882783882
-67,2.19267399267399,2.07226,2.31309,1.89900306166056,2.06537543956043,2.2180115079365,1.8519288003663
-66,2.20221445221445,2.08921,2.31522,1.88824137529137,2.05427604895104,2.21281751165501,1.84204938811188
-65,2.16257631257631,2.05698,2.26818,1.87472571123321,2.04054934676434,2.20513488095238,1.83069009462759
-64,2.11752136752136,2.01924,2.21581,1.8715142094017,2.03653311965812,2.20257788461538,1.82836463675213
-63,2.13690476190476,2.04138,2.23243,1.87049568070818,2.03471068070818,2.20041874236874,1.8271622008547
-62,2.13910256410256,2.04279,2.23542,1.86910623931623,2.03267322649572,2.1987767094017,1.82582502136752
-61,2.1260989010989,2.02599,2.22621,1.87602562271062,2.03616316849816,2.19812369963369,1.83374687728937
-60,2.1246114996115,2.02839,2.22084,1.88993557747807,2.04694428821178,2.19861699689199,1.84780942918192
-59,2.11608669108669,2.02178,2.2104,1.89153962759462,2.04718852564102,2.19753382173382,1.84944209401709
-58,2.11858974358974,2.02374,2.21344,1.90047223748473,2.05373853785103,2.19771549145299,1.85846477411477
-57,2.14633699633699,2.05226,2.24041,1.92061592796092,2.07343542429792,2.19949662698412,1.87803926129426
-56,2.14771062271062,2.04518,2.25024,1.93771565323565,2.08763185286935,2.20126059218559,1.89446677960928
-55,2.16217948717948,2.06236,2.262,1.95769412393162,2.10423841880341,2.20439299145299,1.91494002136752
-54,2.1844017094017,2.07861,2.2902,1.98498337606837,2.12835121794871,2.20942027777777,1.94060369658119
-53,2.23192918192918,2.142,2.32186,2.02285305860805,2.16590042124542,2.21524596153846,1.97878797924297
-52,2.305994005994,2.22409,2.3879,2.08103486013985,2.21788602619602,2.22434428210678,2.03139861915861
-51,2.31987179487179,2.21935,2.42039,2.12846989010989,2.26008963369963,2.23372797619047,2.07964549450549
-50,2.30387667887667,2.19654,2.41122,2.16180552503052,2.28741673992674,2.24020142246642,2.11100595848595
-49,2.33891941391941,2.22829,2.44955,2.18012821733821,2.30251626984126,2.24402967032967,2.1305057020757
-48,2.36327838827838,2.2508,2.47575,2.19999757631257,2.31866293650793,2.24758877289377,2.14989595848595
-47,2.39362026862026,2.28109,2.50615,2.24148304639804,2.35527206043956,2.25546678571428,2.19389437728937
-46,2.36483516483516,2.24401,2.48566,2.26559652014652,2.37291355311355,2.26118181318681,2.21467163003662
-45,2.36721611721611,2.23603,2.49841,2.31564007326007,2.41428131868131,2.2715063003663,2.26323316849816
-44,2.44630369630369,2.32389,2.56872,2.33610236874236,2.43174454212454,2.27623981129981,2.28324855644355
-43,2.5014319014319,2.38719,2.61568,2.3801939072039,2.46857838827838,2.28550276001776,2.32717842823842
-42,2.46770451770451,2.36156,2.57385,2.41063003052503,2.49354018925518,2.29310728327228,2.35516498778998
-41,2.55531135531135,2.45825,2.65238,2.46494998778998,2.53681739010989,2.30493012515262,2.41160917582417
-40,2.62509157509157,2.52991,2.72028,2.51984946886446,2.58071667582417,2.31764671245421,2.46854891941391
-39,2.62545787545787,2.53415,2.71676,2.53438657509157,2.59295632783882,2.3219096062271,2.48472807692307
-38,2.67185592185592,2.58189,2.76182,2.58358657509157,2.63418294261294,2.33527898656898,2.53423199633699
-37,2.68485958485958,2.58646,2.78326,2.61627478021978,2.66050578144078,2.34300918803418,2.5657562087912
-36,2.69859584859584,2.60053,2.79666,2.6230234065934,2.66614369352869,2.34502981990232,2.57310601648351
-35,2.70082417582417,2.6082,2.79344,2.65705152930402,2.69397517399267,2.35519987179487,2.6085494047619
-34,2.74148351648351,2.65842,2.82455,2.69989711538461,2.72885982600732,2.36842397435897,2.65041065934065
-33,2.77893772893772,2.69231,2.86556,2.75452635531135,2.77498771062271,2.38407523809523,2.70669397435897
-32,2.77246642246642,2.68753,2.8574,2.79316777472527,2.80663897130647,2.39445185592185,2.74431777167277
-31,2.80924908424908,2.71079,2.90771,2.83881041208791,2.84515912087912,2.40890066849816,2.79378514652014
-30,2.82435897435897,2.72494,2.92378,2.86616956043956,2.86726073260073,2.41806652014652,2.81993016483516
-29,2.85357142857142,2.76166,2.94549,2.8874827014652,2.88475481684981,2.42469415750915,2.84332084249084
-28,2.8812271062271,2.78201,2.98044,2.91355323260073,2.9065161080586,2.43207467948717,2.87276134615384
-27,2.89221611721611,2.79386,2.99057,2.92366133699633,2.91462201465201,2.43547046703296,2.88424815934065
-26,2.95906593406593,2.86064,3.05749,2.95821481684981,2.94186313186813,2.44741735347985,2.92339499999999
-25,2.98131868131868,2.88181,3.08083,2.97753504578754,2.956775503663,2.45330502747252,2.94462831501831
-24,2.99450549450549,2.88271,3.1063,3.00198152014652,2.97736444139194,2.46194862026862,2.97336149572649
-23,3.01800976800976,2.91034,3.12568,3.02966094322344,2.99899183455433,2.4708559065934,3.00488792735042
-22,3.16758241758241,3.04455,3.29062,3.0627888064713,3.02375606532356,2.48259065018315,3.03846647435897
-21,3.17536630036629,3.05022,3.30051,3.07641971306471,3.03482689865689,2.48759518315018,3.05528327838827
-20,3.16779609279609,3.06531,3.27028,3.13804073260073,3.08204677655677,2.50988311965811,3.12846208791208
-19,3.17002442002441,3.05814,3.28191,3.15229428876678,3.09335246947496,2.5152946001221,3.14701382783882
-18,3.22750305250305,3.10428,3.35073,3.19950544261294,3.12942165750915,2.53126913003663,3.20184322954822
-17,3.24059829059829,3.1233,3.3579,3.21093602564102,3.13885307692307,2.53651914529914,3.21769702991453
-16,3.22179487179487,3.11832,3.32527,3.22387102564102,3.14864145299145,2.54075521367521,3.23597525641025
-15,3.27612387612387,3.17901,3.37324,3.25377553724053,3.17105923354423,2.55260072788322,3.27680736901986
-14,3.26318126318126,3.16392,3.36244,3.27206718559218,3.18565764624264,2.5602594030969,3.3026382023532
-13,3.29633699633699,3.18662,3.40606,3.28571446886446,3.19571934065934,2.56579613553113,3.31975222527472
-12,3.36602564102564,3.25798,3.47407,3.30125076923076,3.20691999999999,2.57134262820512,3.34502935897435
-11,3.37420634920634,3.26881,3.4796,3.31322010989011,3.2158462026862,2.57674775641025,3.36223357753357
-10,3.37472527472527,3.27233,3.47712,3.32933642857142,3.2274044047619,2.58361394383394,3.39578134920634
-9,3.38724053724053,3.28398,3.4905,3.33593622710622,3.23219854090354,2.58565064102564,3.40709847985348
-8,3.38534798534798,3.2731,3.49759,3.34407219780219,3.23802012820512,2.58986897435897,3.42411552197802
-7,3.35201465201465,3.24183,3.4622,3.35195668498168,3.2441823076923,2.59262282051282,3.44167391941391
-6,3.32185592185592,3.20046,3.44325,3.36539533522033,3.25446014596514,2.5980186091686,3.46539042679542
-5,3.32395382395382,3.21255,3.43536,3.37013606948606,3.25811695249195,2.59996109168609,3.47361687201687
-4,3.33799533799533,3.22422,3.45177,3.37632997752247,3.26262143523143,2.602616008991,3.48696461954711
-3,3.34027639027639,3.22325,3.45731,3.3799870088245,3.26562397546897,2.60416692141192,3.49491922438672
-2,3.35789765789765,3.25401,3.46178,3.38261376262626,3.26779913364413,2.60526742229992,3.49868274836274
-1,3.37878617109386,3.27857,3.479,3.38166905940213,3.26744540273828,2.60515829806945,3.49583532014993
0,3.37549779280548,3.2687,3.48229,3.38453869726427,3.26945415065703,2.60639459677075,3.50197170792882
1,3.39493284493284,3.29873,3.49113,3.38467757159507,3.26984856809856,2.60645473554223,3.50308804140304
2,3.40285825285825,3.30249,3.50322,3.38298464618714,3.26913673826173,2.60607993367743,3.50020307636807
3,3.4040848040848,3.30219,3.50598,3.38178587856587,3.2683337029637,2.60566987900987,3.49798908646908
4,3.41016483516483,3.30852,3.51181,3.38164428571428,3.26832274725274,2.60615872710622,3.49878968864468
5,3.36288156288156,3.2626,3.46317,3.37856528083028,3.26694643467643,2.60584724442224,3.49756623404373
6,3.38943833943833,3.27998,3.4989,3.37486832112332,3.26383376068376,2.60445657509157,3.49043692002442
7,3.37848454963839,3.26346,3.49351,3.36885667911148,3.25966548417394,2.60123769160326,3.48129601507466
8,3.35976245976245,3.24738,3.47214,3.36141091824841,3.25412871989122,2.59804722860472,3.46850127095127
9,3.3533522033522,3.24253,3.46418,3.35916604645354,3.2525441045066,2.59690556193806,3.46544486069486
10,3.29532967032966,3.18676,3.4039,3.34479672161172,3.2421793040293,2.58999403846153,3.44049675824175
11,3.24551282051282,3.15233,3.3387,3.3314482051282,3.23224688644688,2.58513709706959,3.417941007326
12,3.23873626373626,3.14409,3.33339,3.32008672161172,3.2235514010989,2.58050427655677,3.39663369963369
14,3.23772338772338,3.15485,3.3206,3.26120345931845,3.18009273004773,2.55824947441447,3.29553294760794
15,3.2046953046953,3.12212,3.28727,3.24559497335997,3.16789975690975,2.55283122044622,3.27431529803529
16,3.20995115995116,3.13031,3.28959,3.23014495726495,3.15661744200244,2.54698221611721,3.25192003052503
17,3.18751526251526,3.11017,3.26486,3.21925177960928,3.1478879090354,2.54307969780219,3.2384497008547
18,3.1042735042735,3.00532,3.20323,3.19452418803418,3.1285541025641,2.53323581196581,3.20516841880341
19,3.02857142857142,2.94321,3.11393,3.13721717948717,3.08364798534798,2.51087364468864,3.12821124542124
20,3.03950771450771,2.95498,3.12403,3.11714398740148,3.06810934509934,2.50345567543567,3.10225882034632
21,3.0081585081585,2.92859,3.08773,3.10212466200466,3.05620099650349,2.49804305944055,3.08464278554778
22,2.9769536019536,2.89545,3.05845,3.08497537240537,3.04281131868131,2.49206663308913,3.06402617216117
23,2.96156898656898,2.88268,3.04046,3.05805355616605,3.0215314010989,2.48297933760683,3.03382846764346
24,2.94789377289377,2.86341,3.03238,3.04413082112332,3.00994511904761,2.47808258547008,3.01685385225885
25,2.89415306915306,2.79023,2.99807,3.00990797979797,2.98269343434343,2.46588335664335,2.97871778749028
26,2.89323176823176,2.79343,2.99304,2.97519139527139,2.95513699383949,2.45404287629037,2.93895392524142
27,2.90094627594627,2.80216,2.99974,2.96021496947497,2.94311524114774,2.44892326923076,2.9222291056166
28,2.86807636807636,2.777,2.95915,2.93084469030969,2.91984736513486,2.43833345238095,2.88863175768675
29,2.85696525696525,2.77048,2.94345,2.91145501082251,2.90439307026307,2.432442506105,2.86963843045843
30,2.85424852924852,2.76521,2.94329,2.86638417499167,2.86740669164169,2.41843135392385,2.81961128898878
31,2.827442002442,2.7458,2.90909,2.82162896520146,2.83089366910866,2.40549472222222,2.77168122100122
32,2.78839024223639,2.71042,2.86636,2.79357803683496,2.80837030678723,2.39717819197896,2.74209395843472
33,2.74590964590964,2.66477,2.82704,2.76830689865689,2.78837172161172,2.38956031746031,2.71495326007325
34,2.74102564102564,2.6599,2.82215,2.76020448107448,2.78192925518925,2.38707664224664,2.70818245421245
35,2.7566990701606,2.67332,2.84007,2.69745625434394,2.73042077416173,2.36943558021038,2.64621553489245
36,2.71274302620456,2.62821,2.79727,2.65675791795811,2.69760806048652,2.35797671268902,2.60566339814032
37,2.69341235687389,2.60305,2.78377,2.63279076927346,2.67826276661372,2.35159295394776,2.5813331825226
38,2.67481428827582,2.60102,2.74861,2.57656478692247,2.63091912997259,2.33683325281556,2.52459764472706
39,2.62200150277073,2.5302,2.7138,2.53542574598478,2.5955536700479,2.32493456724899,2.4806884331267
40,2.58180003756926,2.48131,2.68229,2.5023161672302,2.56844368836291,2.31654252512444,2.44780364374941
41,2.57834387834387,2.47489,2.68179,2.46776725607725,2.53989217393717,2.30775531218781,2.41342133366633
42,2.6038184038184,2.50814,2.6995,2.43558927738927,2.51257282162282,2.30113638278388,2.38114596070596
43,2.58676622522776,2.4913,2.68223,2.40647475486052,2.48956649384803,2.29360053536207,2.35422805860805
44,2.55313575313575,2.45865,2.64762,2.38305712121212,2.46998894716394,2.28907697136197,2.33162427072927
45,2.56278998778998,2.45895,2.66663,2.3453022008547,2.43822226495726,2.27873266483516,2.29647816544566
46,2.54465811965811,2.44189,2.64743,2.30274286324786,2.40086045787545,2.26902618131868,2.25362472832722
47,2.53611111111111,2.43379,2.63843,2.29436529914529,2.39314846153846,2.26671935897435,2.244869508547
48,2.52776667776667,2.42807,2.62747,2.25305003385503,2.3587642038517,2.25658692307692,2.20318878815628
49,2.49965034965035,2.4088,2.5905,2.22082581779331,2.33259592435342,2.25007247585747,2.17286417970918
50,2.4745115995116,2.38341,2.56562,2.20105978327228,2.31549228021978,2.24553125457875,2.15317146214896
51,2.44139194139194,2.35312,2.52967,2.16282897435897,2.28186537545787,2.23741293956043,2.11328128205128
52,2.43885836385836,2.35156,2.52616,2.13240663919413,2.25700926739926,2.23133932539682,2.08321665445665
53,2.43701021201021,2.34734,2.52668,2.11236447469197,2.24104157231657,2.22708292318792,2.06319207015207
54,2.43014208014208,2.34086,2.51943,2.10362148018648,2.23268671883671,2.22578837190587,2.05556166722166
55,2.38243978243978,2.28387,2.48101,2.02723732128982,2.16192984848484,2.21309663364413,1.98087548562548
56,2.35382395382395,2.25439,2.45326,1.99229012765012,2.13468536852036,2.20754821373071,1.94652916944166
57,2.36266233766233,2.26235,2.46297,1.98720476245976,2.13013088134088,2.20688188117438,1.94184957736707
58,2.35539738039738,2.2499,2.46089,1.9515740084915,2.09832449245199,2.20142361194361,1.90696795343545
59,2.33454878454878,2.22868,2.44042,1.92213203046953,2.06935784715284,2.19874511072261,1.87778447968697
60,2.32392607392607,2.21291,2.43494,1.91021725635475,2.06037343628593,2.19768323343323,1.86647324342324
61,2.28113553113553,2.15697,2.4053,1.89455279914529,2.04844204517704,2.19629496336996,1.8510836080586
62,2.30363247863247,2.15296,2.45431,1.88418166666666,2.04240658119658,2.19735264957264,1.84061532051282
63,2.28156288156288,2.12466,2.43847,1.88642105616605,2.04774451770451,2.20118275641025,1.84265453296703
64,2.32374847374847,2.17433,2.47316,1.88276922466422,2.04693899267399,2.20289852869352,1.83950021367521
65,2.3280525030525,2.18129,2.47482,1.87963704517704,2.04447626984126,2.20282007326007,1.83632552197802
66,2.3511877011877,2.19844,2.50393,1.88624061549561,2.05198312687312,2.20775047452547,1.84213356282606
67,2.35793373293373,2.21794,2.49793,1.89550067959817,2.05988991563991,2.21223121933621,1.85045803779553
68,2.356105006105,2.21725,2.49496,1.89724399572649,2.06170674908424,2.21422643162393,1.85163748473748
69,2.42661782661782,2.2854,2.56783,1.90961594017094,2.07339405982906,2.21837828449328,1.86360279609279
70,2.44328449328449,2.30963,2.57694,1.93280615384615,2.09735923076923,2.22553426739926,1.8843807020757
71,2.4552503052503,2.318,2.59251,1.93872952991453,2.1037429059829,2.22904619047619,1.89026561660561
72,2.47331557331557,2.31541,2.63122,1.95304245532245,2.11598277777777,2.23475331168831,1.90312454434454
73,2.51794871794871,2.3525,2.68339,1.98801504273504,2.1526426068376,2.24937756410256,1.93512512820512
74,2.53296703296703,2.37172,2.69422,2.00630728327228,2.17208985347985,2.25592469780219,1.95233605006104
75,2.52609057609057,2.37468,2.6775,2.04568115467865,2.21365901431901,2.26839185980685,1.99096314602064
76,2.54120046620046,2.38373,2.69868,2.0799540034965,2.2467423076923,2.28040046620046,2.02038746503496
77,2.55154845154845,2.39389,2.70921,2.10396378371628,2.27102756410256,2.28689213286713,2.04533319763569
78,2.57051282051282,2.41043,2.73059,2.13579102564102,2.30099487179487,2.29845044871794,2.07429679487179
79,2.59249084249084,2.4379,2.74708,2.17791552197802,2.34275943223443,2.31736204212454,2.1138494047619
80,2.61369463869463,2.45705,2.77034,2.22983789432789,2.39081637529137,2.33416658119658,2.1615657012432
81,2.58617216117216,2.42671,2.74563,2.24930103785103,2.40871717948717,2.34304934676434,2.1803543009768
82,2.61394993894993,2.458,2.7699,2.27802441391941,2.43612978632478,2.35445844932844,2.20411489926739
83,2.66080586080586,2.49762,2.82399,2.33325851648351,2.4896804029304,2.372355,2.25687421245421
84,2.65277777777777,2.48425,2.8213,2.37228143162393,2.5258316025641,2.38625502136752,2.29364076923076
85,2.67933455433455,2.51661,2.84206,2.38473591880341,2.53674359890109,2.39275621184371,2.30524076923076
86,2.71132478632478,2.5455,2.87715,2.44841689560439,2.59477227106227,2.42182435897435,2.36716324175824
87,2.70326617826617,2.55503,2.8515,2.49537288461538,2.63551413003663,2.44334503663003,2.40963629120879
88,2.68669108669108,2.53636,2.83703,2.52132134004884,2.65859337912087,2.45372217948717,2.43416806166056
89,2.7068376068376,2.56069,2.85299,2.56801038766788,2.70117162087912,2.47269686813186,2.47969998473748
90,2.75940170940171,2.60647,2.91233,2.6188304059829,2.74760339743589,2.49482692307692,2.52706373931624
91,2.76153846153846,2.60829,2.91479,2.64401091297591,2.77065098096348,2.50626856837606,2.54955232711732
92,2.81703296703296,2.68249,2.95158,2.67460548840048,2.79699994200244,2.51996168192918,2.57722859584859
93,2.86208791208791,2.72786,2.99632,2.71295514957265,2.83262867826617,2.53644513431013,2.61448548229548
94,2.87602845872076,2.74226,3.00979,2.73224847844463,2.8505729029304,2.54548338616511,2.63359214567483
95,2.91018596787827,2.77446,3.04592,2.75344440335305,2.87009546703296,2.55389936601859,2.65346980135249
96,2.95961538461538,2.82607,3.09316,2.8140341025641,2.92532493589743,2.58574544871794,2.70789006410256
97,2.98397435897435,2.84327,3.12467,2.8405023076923,2.94872903846153,2.59822711538461,2.73268852564102
98,2.98828671328671,2.83797,3.13861,2.89986238344988,3.00425217365967,2.62283635780885,2.79088596153846
99,2.99255744255744,2.89483,3.09028,2.948384009324,3.04903647519147,2.65130785880785,2.83528065767565
100,3.0809274059274,2.9824,3.17945,2.99280696719946,3.08880986346986,2.6737742049617,2.87455229686979
101,3.11053113553113,3.0159,3.20516,3.02045449633699,3.11331173992674,2.69077013736263,2.9023238003663
102,3.11950549450549,3.01794,3.22107,3.04022282967032,3.1299702014652,2.7020668040293,2.92104418498168
103,3.11153846153846,3.01731,3.20577,3.07225563186813,3.15795279304029,2.72062674908424,2.95375162087912
104,3.12786935286935,3.02776,3.22798,3.0978414072039,3.18237866300366,2.7372617002442,2.97714365384615
105,3.19365079365079,3.08827,3.29903,3.15856642246642,3.23591092796092,2.77951183760683,3.03904714896214
106,3.24176379176379,3.11851,3.36502,3.19224405538905,3.26647846875346,2.80103132201132,3.07237966477966
107,3.27857142857142,3.15699,3.40015,3.22367948717948,3.29453786630036,2.82076782967033,3.10291218864468
108,3.35992063492063,3.24218,3.47766,3.27227718559218,3.33780109279609,2.85411465506715,3.15125826007326
109,3.40728438228438,3.30658,3.50799,3.31082164918414,3.37399468531468,2.88145611305361,3.18898261072261
110,3.4008547008547,3.30224,3.49947,3.33758745726495,3.39698237179487,2.90159245726495,3.21713384615384
111,3.47304639804639,3.37447,3.57163,3.36273212148962,3.41718308302808,2.92296501831501,3.24346801892551
112,3.49734154734154,3.38745,3.60723,3.40376159340659,3.45419809995559,2.95493381757131,3.28085701326451
113,3.5261877011877,3.415,3.63738,3.42313883699633,3.47125258713508,2.97120785603285,3.30156406454656
114,3.52307414807414,3.40965,3.6365,3.43269086080586,3.47923557248307,2.97864834138084,3.31092902791652
115,3.47951492951492,3.35204,3.60699,3.44566681929181,3.49076291375291,2.99070233710733,3.32465949494949
116,3.49907407407407,3.39806,3.60009,3.4372199537037,3.47761187499999,3.00990787037037,3.310884375
117,3.51640430276793,3.41168,3.62113,3.44507856946084,3.48572507378984,3.02034849763872,3.31174593565525
118,3.50301087801087,3.38962,3.61641,3.47062482572982,3.50862385780885,3.04654525363525,3.33891753885003
119,3.53642857142857,3.41717,3.65569,3.46565957034632,3.49870292207792,3.07203211255411,3.32715124891774
120,3.54959956709956,3.44033,3.65887,3.49792153354978,3.52816839502164,3.1004723073593,3.35940483982683
121,3.54959956709956,3.44033,3.65887,3.5026741525974,3.53276363311688,3.10431754545454,3.3642815064935
122,3.54245670995671,3.43278,3.65213,3.51031710497835,3.53962258549783,3.11350821212121,3.37236293506493
123,3.49739057239057,3.38779,3.607,3.4822481060606,3.5137248063973,3.1221842087542,3.33175771043771
124,3.48936588103254,3.37884,3.59989,3.50695645703062,3.53734446689113,3.14490526695526,3.35797632595799
125,3.44930426716141,3.34063,3.55798,3.50794396567717,3.53172605751391,3.19487467068645,3.33015019480519
126,3.5,3.5,3.5,3.55176666666666,3.51821666666666,3.01693333333333,3.43091666666666
